1,iPhone,699,1
2,iPad,499,1
3,iMac,1299,1
4,MacBook,1299,2
5,AppleWatch,349,2
6,MacPro,5999,3
7,iPad,499,3
8,iMac,1299,4
9,MacBook,1299,5
10,AppleWatch,349,6
11,iPhone,699,7
12,iPad,499,8
13,iMac,1299,9
14,MacBook,1299,10
15,AppleWatch,349,11
16,MacPro,5999,12
17,iPad,499,13
18,iMac,1299,14
19,MacBook,1299,15
20,AppleWatch,349,16
21,iPhone,699,17
22,iPad,499,18
23,iMac,1299,19
24,MacBook,1299,20
25,AppleWatch,349,21
26,MacPro,5999,21
27,iPad,499,21
28,iMac,1299,22
29,MacBook,1299,23
30,AppleWatch,349,24
31,iPhone,699,25
32,iPad,499,26
33,iMac,1299,27
34,MacBook,1299,28
35,AppleWatch,349,29
36,MacPro,5999,29
37,iPad,499,29
38,iMac,1299,30
39,MacBook,1299,30
40,AppleWatch,349,30
41,iPhone,699,31
42,iPad,499,32
43,iMac,1299,33
44,MacBook,1299,34
45,AppleWatch,349,35
46,MacPro,5999,35
47,iPad,499,35
48,iMac,1299,36
49,MacBook,1299,37
50,AppleWatch,349,38
51,iPhone,699,39
52,iPad,499,40
53,iMac,1299,41
54,MacBook,1299,42
55,AppleWatch,349,43
56,MacPro,5999,44
57,iPad,499,45
58,iMac,1299,46
59,MacBook,1299,47
60,AppleWatch,349,48
61,iPhone,699,49
62,iPad,499,50
63,iMac,1299,51
64,MacBook,1299,52
65,AppleWatch,349,53
66,MacPro,5999,54
67,iPad,499,55
68,iMac,1299,56
69,MacBook,1299,57
70,AppleWatch,349,58
71,iPhone,699,59
72,iPad,499,60
73,iMac,1299,61
74,MacBook,1299,62
75,AppleWatch,349,63
76,MacPro,5999,64
77,iPad,499,65
78,iMac,1299,66
79,MacBook,1299,67
80,AppleWatch,349,68
81,iPhone,699,69
82,iPad,499,70
83,iMac,1299,71
84,MacBook,1299,72
85,AppleWatch,349,73
86,MacPro,5999,74
87,iPad,499,75
88,iMac,1299,76
89,MacBook,1299,77
90,AppleWatch,349,78
91,iPhone,699,79
92,iPad,499,80
93,iMac,1299,81
94,MacBook,1299,82
95,AppleWatch,349,83
96,MacPro,5999,84
97,iPad,499,85
98,iMac,1299,86
99,MacBook,1299,87
100,AppleWatch,349,88
101,iPhone,699,89
102,iPad,499,90
103,iMac,1299,91
104,MacBook,1299,92
105,AppleWatch,349,93
106,MacPro,5999,94
107,iPad,499,95
108,iMac,1299,96
109,MacBook,1299,97
110,AppleWatch,349,98
111,iPhone,699,99
112,iPad,499,100
113,iMac,1299,101
114,MacBook,1299,102
115,AppleWatch,349,103
116,MacPro,5999,104
117,iPad,499,105
118,iMac,1299,106
119,MacBook,1299,107
120,AppleWatch,349,108
121,iPhone,699,109
122,iPad,499,110
123,iMac,1299,111
124,MacBook,1299,112
125,AppleWatch,349,113
126,MacPro,5999,114
127,iPad,499,115
128,iMac,1299,116
129,MacBook,1299,117
130,AppleWatch,349,118
131,iPhone,699,119
132,iPad,499,120
133,iMac,1299,121
134,MacBook,1299,122
135,AppleWatch,349,123
136,MacPro,5999,124
137,iPad,499,125
138,iMac,1299,126
139,MacBook,1299,127
140,AppleWatch,349,128
141,iPhone,699,129
142,iPad,499,130
143,iMac,1299,131
144,MacBook,1299,132
145,AppleWatch,349,133
146,MacPro,5999,134
147,iPad,499,135
148,iMac,1299,136
149,MacBook,1299,137
150,AppleWatch,349,138
151,iPhone,699,139
152,iPad,499,140
153,iMac,1299,141
154,MacBook,1299,142
155,AppleWatch,349,143
156,MacPro,5999,144
157,iPad,499,145
158,iMac,1299,146
159,MacBook,1299,147
160,AppleWatch,349,148
161,iPhone,699,149
162,iPad,499,150
163,iMac,1299,151
164,MacBook,1299,152
165,AppleWatch,349,153
166,MacPro,5999,154
167,iPad,499,155
168,iMac,1299,156
169,MacBook,1299,157
170,AppleWatch,349,158
171,iPhone,699,159
172,iPad,499,160
173,iMac,1299,161
174,MacBook,1299,162
175,AppleWatch,349,163
176,MacPro,5999,164
177,iPad,499,165
178,iMac,1299,166
179,MacBook,1299,167
180,AppleWatch,349,168
181,iPhone,699,169
182,iPad,499,170
183,iMac,1299,171
184,MacBook,1299,172
185,AppleWatch,349,173
186,MacPro,5999,174
187,iPad,499,175
188,iMac,1299,176
189,MacBook,1299,177
190,AppleWatch,349,178
191,iPhone,699,179
192,iPad,499,180
193,iMac,1299,181
194,MacBook,1299,182
195,AppleWatch,349,183
196,MacPro,5999,184
197,iPad,499,185
198,iMac,1299,186
199,MacBook,1299,187
200,AppleWatch,349,188
201,iPhone,699,1
202,iPad,499,1
203,iMac,1299,1
204,MacBook,1299,2
205,AppleWatch,349,2
206,MacPro,5999,3
207,iPad,499,3
208,iMac,1299,4
209,MacBook,1299,5
210,AppleWatch,349,6
211,iPhone,699,7
212,iPad,499,8
213,iMac,1299,9
214,MacBook,1299,10
215,AppleWatch,349,11
216,MacPro,5999,12
217,iPad,499,13
218,iMac,1299,14
219,MacBook,1299,15
220,AppleWatch,349,16
221,iPhone,699,17
222,iPad,499,18
223,iMac,1299,19
224,MacBook,1299,20
225,AppleWatch,349,21
226,MacPro,5999,21
227,iPad,499,21
228,iMac,1299,22
229,MacBook,1299,23
230,AppleWatch,349,24
231,iPhone,699,25
232,iPad,499,26
233,iMac,1299,27
234,MacBook,1299,28
235,AppleWatch,349,29
236,MacPro,5999,29
237,iPad,499,29
238,iMac,1299,30
239,MacBook,1299,30
240,AppleWatch,349,30
241,iPhone,699,31
242,iPad,499,32
243,iMac,1299,33
244,MacBook,1299,34
245,AppleWatch,349,35
246,MacPro,5999,35
247,iPad,499,35
248,iMac,1299,36
249,MacBook,1299,37
250,AppleWatch,349,38
251,iPhone,699,39
252,iPad,499,40
253,iMac,1299,41
254,MacBook,1299,42
255,AppleWatch,349,43
256,MacPro,5999,44
257,iPad,499,45
258,iMac,1299,46
259,MacBook,1299,47
260,AppleWatch,349,48
261,iPhone,699,49
262,iPad,499,50
263,iMac,1299,51
264,MacBook,1299,52
265,AppleWatch,349,53
266,MacPro,5999,54
267,iPad,499,55
268,iMac,1299,56
269,MacBook,1299,57
270,AppleWatch,349,58
271,iPhone,699,59
272,iPad,499,60
273,iMac,1299,61
274,MacBook,1299,62
275,AppleWatch,349,63
276,MacPro,5999,64
277,iPad,499,65
278,iMac,1299,66
279,MacBook,1299,67
280,AppleWatch,349,68
281,iPhone,699,69
282,iPad,499,70
283,iMac,1299,71
284,MacBook,1299,72
285,AppleWatch,349,73
286,MacPro,5999,74
287,iPad,499,75
288,iMac,1299,76
289,MacBook,1299,77
290,AppleWatch,349,78
291,iPhone,699,79
292,iPad,499,80
293,iMac,1299,81
294,MacBook,1299,82
295,AppleWatch,349,83
296,MacPro,5999,84
297,iPad,499,85
298,iMac,1299,86
299,MacBook,1299,87
300,AppleWatch,349,88
301,iPhone,699,89
302,iPad,499,90
303,iMac,1299,91
304,MacBook,1299,92
305,AppleWatch,349,93
306,MacPro,5999,94
307,iPad,499,95
308,iMac,1299,96
309,MacBook,1299,97
310,AppleWatch,349,98
311,iPhone,699,99
312,iPad,499,100
313,iMac,1299,101
314,MacBook,1299,102
315,AppleWatch,349,103
316,MacPro,5999,104
317,iPad,499,105
318,iMac,1299,106
319,MacBook,1299,107
320,AppleWatch,349,108
321,iPhone,699,109
322,iPad,499,110
323,iMac,1299,111
324,MacBook,1299,112
325,AppleWatch,349,113
326,MacPro,5999,114
327,iPad,499,115
328,iMac,1299,116
329,MacBook,1299,117
330,AppleWatch,349,118
331,iPhone,699,119
332,iPad,499,120
333,iMac,1299,121
334,MacBook,1299,122
335,AppleWatch,349,123
336,MacPro,5999,124
337,iPad,499,125
338,iMac,1299,126
339,MacBook,1299,127
340,AppleWatch,349,128
341,iPhone,699,129
342,iPad,499,130
343,iMac,1299,131
344,MacBook,1299,132
345,AppleWatch,349,133
346,MacPro,5999,134
347,iPad,499,135
348,iMac,1299,136
349,MacBook,1299,137
350,AppleWatch,349,138
351,iPhone,699,139
352,iPad,499,140
353,iMac,1299,141
354,MacBook,1299,142
355,AppleWatch,349,143
356,MacPro,5999,144
357,iPad,499,145
358,iMac,1299,146
359,MacBook,1299,147
360,AppleWatch,349,148
361,iPhone,699,149
362,iPad,499,150
363,iMac,1299,151
364,MacBook,1299,152
365,AppleWatch,349,153
366,MacPro,5999,154
367,iPad,499,155
368,iMac,1299,156
369,MacBook,1299,157
370,AppleWatch,349,158
371,iPhone,699,159
372,iPad,499,160
373,iMac,1299,161
374,MacBook,1299,162
375,AppleWatch,349,163
376,MacPro,5999,164
377,iPad,499,165
378,iMac,1299,166
379,MacBook,1299,167
380,AppleWatch,349,168
381,iPhone,699,169
382,iPad,499,170
383,iMac,1299,171
384,MacBook,1299,172
385,AppleWatch,349,173
386,MacPro,5999,174
387,iPad,499,175
388,iMac,1299,176
389,MacBook,1299,177
390,AppleWatch,349,178
391,iPhone,699,179
392,iPad,499,180
393,iMac,1299,181
394,MacBook,1299,182
395,AppleWatch,349,183
396,MacPro,5999,184
397,iPad,499,185
398,iMac,1299,186
399,MacBook,1299,187
400,AppleWatch,349,188
401,iPhone,699,1
402,iPad,499,1
403,iMac,1299,1
404,MacBook,1299,2
405,AppleWatch,349,2
406,MacPro,5999,3
407,iPad,499,3
408,iMac,1299,4
409,MacBook,1299,5
410,AppleWatch,349,6
411,iPhone,699,7
412,iPad,499,8
413,iMac,1299,9
414,MacBook,1299,10
415,AppleWatch,349,11
416,MacPro,5999,12
417,iPad,499,13
418,iMac,1299,14
419,MacBook,1299,15
420,AppleWatch,349,16
421,iPhone,699,17
422,iPad,499,18
423,iMac,1299,19
424,MacBook,1299,20
425,AppleWatch,349,21
426,MacPro,5999,21
427,iPad,499,21
428,iMac,1299,22
429,MacBook,1299,23
430,AppleWatch,349,24
431,iPhone,699,25
432,iPad,499,26
433,iMac,1299,27
434,MacBook,1299,28
435,AppleWatch,349,29
436,MacPro,5999,29
437,iPad,499,29
438,iMac,1299,30
439,MacBook,1299,30
440,AppleWatch,349,30
441,iPhone,699,31
442,iPad,499,32
443,iMac,1299,33
444,MacBook,1299,34
445,AppleWatch,349,35
446,MacPro,5999,35
447,iPad,499,35
448,iMac,1299,36
449,MacBook,1299,37
450,AppleWatch,349,38
451,iPhone,699,39
452,iPad,499,40
453,iMac,1299,41
454,MacBook,1299,42
455,AppleWatch,349,43
456,MacPro,5999,44
457,iPad,499,45
458,iMac,1299,46
459,MacBook,1299,47
460,AppleWatch,349,48
461,iPhone,699,49
462,iPad,499,50
463,iMac,1299,51
464,MacBook,1299,52
465,AppleWatch,349,53
466,MacPro,5999,54
467,iPad,499,55
468,iMac,1299,56
469,MacBook,1299,57
470,AppleWatch,349,58
471,iPhone,699,59
472,iPad,499,60
473,iMac,1299,61
474,MacBook,1299,62
475,AppleWatch,349,63
476,MacPro,5999,64
477,iPad,499,65
478,iMac,1299,66
479,MacBook,1299,67
480,AppleWatch,349,68
481,iPhone,699,69
482,iPad,499,70
483,iMac,1299,71
484,MacBook,1299,72
485,AppleWatch,349,73
486,MacPro,5999,74
487,iPad,499,75
488,iMac,1299,76
489,MacBook,1299,77
490,AppleWatch,349,78
491,iPhone,699,79
492,iPad,499,80
493,iMac,1299,81
494,MacBook,1299,82
495,AppleWatch,349,83
496,MacPro,5999,84
497,iPad,499,85
498,iMac,1299,86
499,MacBook,1299,87
500,AppleWatch,349,88
501,iPhone,699,89
502,iPad,499,90
503,iMac,1299,91
504,MacBook,1299,92
505,AppleWatch,349,93
506,MacPro,5999,94
507,iPad,499,95
508,iMac,1299,96
509,MacBook,1299,97
510,AppleWatch,349,98
511,iPhone,699,99
512,iPad,499,100
513,iMac,1299,101
514,MacBook,1299,102
515,AppleWatch,349,103
516,MacPro,5999,104
517,iPad,499,105
518,iMac,1299,106
519,MacBook,1299,107
520,AppleWatch,349,108
521,iPhone,699,109
522,iPad,499,110
523,iMac,1299,111
524,MacBook,1299,112
525,AppleWatch,349,113
526,MacPro,5999,114
527,iPad,499,115
528,iMac,1299,116
529,MacBook,1299,117
530,AppleWatch,349,118
531,iPhone,699,119
532,iPad,499,120
533,iMac,1299,121
534,MacBook,1299,122
535,AppleWatch,349,123
536,MacPro,5999,124
537,iPad,499,125
538,iMac,1299,126
539,MacBook,1299,127
540,AppleWatch,349,128
541,iPhone,699,129
542,iPad,499,130
543,iMac,1299,131
544,MacBook,1299,132
545,AppleWatch,349,133
546,MacPro,5999,134
547,iPad,499,135
548,iMac,1299,136
549,MacBook,1299,137
550,AppleWatch,349,138
551,iPhone,699,139
552,iPad,499,140
553,iMac,1299,141
554,MacBook,1299,142
555,AppleWatch,349,143
556,MacPro,5999,144
557,iPad,499,145
558,iMac,1299,146
559,MacBook,1299,147
560,AppleWatch,349,148
561,iPhone,699,149
562,iPad,499,150
563,iMac,1299,151
564,MacBook,1299,152
565,AppleWatch,349,153
566,MacPro,5999,154
567,iPad,499,155
568,iMac,1299,156
569,MacBook,1299,157
570,AppleWatch,349,158
571,iPhone,699,159
572,iPad,499,160
573,iMac,1299,161
574,MacBook,1299,162
575,AppleWatch,349,163
576,MacPro,5999,164
577,iPad,499,165
578,iMac,1299,166
579,MacBook,1299,167
580,AppleWatch,349,168
581,iPhone,699,169
582,iPad,499,170
583,iMac,1299,171
584,MacBook,1299,172
585,AppleWatch,349,173
586,MacPro,5999,174
587,iPad,499,175
588,iMac,1299,176
589,MacBook,1299,177
590,AppleWatch,349,178
591,iPhone,699,179
592,iPad,499,180
593,iMac,1299,181
594,MacBook,1299,182
595,AppleWatch,349,183
596,MacPro,5999,184
597,iPad,499,185
598,iMac,1299,186
599,MacBook,1299,187
600,AppleWatch,349,188
601,iPhone,699,1
602,iPad,499,1
603,iMac,1299,1
604,MacBook,1299,2
605,AppleWatch,349,2
606,MacPro,5999,3
607,iPad,499,3
608,iMac,1299,4
609,MacBook,1299,5
610,AppleWatch,349,6
611,iPhone,699,7
612,iPad,499,8
613,iMac,1299,9
614,MacBook,1299,10
615,AppleWatch,349,11
616,MacPro,5999,12
617,iPad,499,13
618,iMac,1299,14
619,MacBook,1299,15
620,AppleWatch,349,16
621,iPhone,699,17
622,iPad,499,18
623,iMac,1299,19
624,MacBook,1299,20
625,AppleWatch,349,21
626,MacPro,5999,21
627,iPad,499,21
628,iMac,1299,22
629,MacBook,1299,23
630,AppleWatch,349,24
631,iPhone,699,25
632,iPad,499,26
633,iMac,1299,27
634,MacBook,1299,28
635,AppleWatch,349,29
636,MacPro,5999,29
637,iPad,499,29
638,iMac,1299,30
639,MacBook,1299,30
640,AppleWatch,349,30
641,iPhone,699,31
642,iPad,499,32
643,iMac,1299,33
644,MacBook,1299,34
645,AppleWatch,349,35
646,MacPro,5999,35
647,iPad,499,35
648,iMac,1299,36
649,MacBook,1299,37
650,AppleWatch,349,38
651,iPhone,699,39
652,iPad,499,40
653,iMac,1299,41
654,MacBook,1299,42
655,AppleWatch,349,43
656,MacPro,5999,44
657,iPad,499,45
658,iMac,1299,46
659,MacBook,1299,47
660,AppleWatch,349,48
661,iPhone,699,49
662,iPad,499,50
663,iMac,1299,51
664,MacBook,1299,52
665,AppleWatch,349,53
666,MacPro,5999,54
667,iPad,499,55
668,iMac,1299,56
669,MacBook,1299,57
670,AppleWatch,349,58
671,iPhone,699,59
672,iPad,499,60
673,iMac,1299,61
674,MacBook,1299,62
675,AppleWatch,349,63
676,MacPro,5999,64
677,iPad,499,65
678,iMac,1299,66
679,MacBook,1299,67
680,AppleWatch,349,68
681,iPhone,699,69
682,iPad,499,70
683,iMac,1299,71
684,MacBook,1299,72
685,AppleWatch,349,73
686,MacPro,5999,74
687,iPad,499,75
688,iMac,1299,76
689,MacBook,1299,77
690,AppleWatch,349,78
691,iPhone,699,79
692,iPad,499,80
693,iMac,1299,81
694,MacBook,1299,82
695,AppleWatch,349,83
696,MacPro,5999,84
697,iPad,499,85
698,iMac,1299,86
699,MacBook,1299,87
700,AppleWatch,349,88
701,iPhone,699,89
702,iPad,499,90
703,iMac,1299,91
704,MacBook,1299,92
705,AppleWatch,349,93
706,MacPro,5999,94
707,iPad,499,95
708,iMac,1299,96
709,MacBook,1299,97
710,AppleWatch,349,98
711,iPhone,699,99
712,iPad,499,100
713,iMac,1299,101
714,MacBook,1299,102
715,AppleWatch,349,103
716,MacPro,5999,104
717,iPad,499,105
718,iMac,1299,106
719,MacBook,1299,107
720,AppleWatch,349,108
721,iPhone,699,109
722,iPad,499,110
723,iMac,1299,111
724,MacBook,1299,112
725,AppleWatch,349,113
726,MacPro,5999,114
727,iPad,499,115
728,iMac,1299,116
729,MacBook,1299,117
730,AppleWatch,349,118
731,iPhone,699,119
732,iPad,499,120
733,iMac,1299,121
734,MacBook,1299,122
735,AppleWatch,349,123
736,MacPro,5999,124
737,iPad,499,125
738,iMac,1299,126
739,MacBook,1299,127
740,AppleWatch,349,128
741,iPhone,699,129
742,iPad,499,130
743,iMac,1299,131
744,MacBook,1299,132
745,AppleWatch,349,133
746,MacPro,5999,134
747,iPad,499,135
748,iMac,1299,136
749,MacBook,1299,137
750,AppleWatch,349,138
751,iPhone,699,139
752,iPad,499,140
753,iMac,1299,141
754,MacBook,1299,142
755,AppleWatch,349,143
756,MacPro,5999,144
757,iPad,499,145
758,iMac,1299,146
759,MacBook,1299,147
760,AppleWatch,349,148
761,iPhone,699,149
762,iPad,499,150
763,iMac,1299,151
764,MacBook,1299,152
765,AppleWatch,349,153
766,MacPro,5999,154
767,iPad,499,155
768,iMac,1299,156
769,MacBook,1299,157
770,AppleWatch,349,158
771,iPhone,699,159
772,iPad,499,160
773,iMac,1299,161
774,MacBook,1299,162
775,AppleWatch,349,163
776,MacPro,5999,164
777,iPad,499,165
778,iMac,1299,166
779,MacBook,1299,167
780,AppleWatch,349,168
781,iPhone,699,169
782,iPad,499,170
783,iMac,1299,171
784,MacBook,1299,172
785,AppleWatch,349,173
786,MacPro,5999,174
787,iPad,499,175
788,iMac,1299,176
789,MacBook,1299,177
790,AppleWatch,349,178
791,iPhone,699,179
792,iPad,499,180
793,iMac,1299,181
794,MacBook,1299,182
795,AppleWatch,349,183
796,MacPro,5999,184
797,iPad,499,185
798,iMac,1299,186
799,MacBook,1299,187
800,AppleWatch,349,188
801,iPhone,699,1
802,iPad,499,1
803,iMac,1299,1
804,MacBook,1299,2
805,AppleWatch,349,2
806,MacPro,5999,3
807,iPad,499,3
808,iMac,1299,4
809,MacBook,1299,5
810,AppleWatch,349,6
811,iPhone,699,7
812,iPad,499,8
813,iMac,1299,9
814,MacBook,1299,10
815,AppleWatch,349,11
816,MacPro,5999,12
817,iPad,499,13
818,iMac,1299,14
819,MacBook,1299,15
820,AppleWatch,349,16
821,iPhone,699,17
822,iPad,499,18
823,iMac,1299,19
824,MacBook,1299,20
825,AppleWatch,349,21
826,MacPro,5999,21
827,iPad,499,21
828,iMac,1299,22
829,MacBook,1299,23
830,AppleWatch,349,24
831,iPhone,699,25
832,iPad,499,26
833,iMac,1299,27
834,MacBook,1299,28
835,AppleWatch,349,29
836,MacPro,5999,29
837,iPad,499,29
838,iMac,1299,30
839,MacBook,1299,30
840,AppleWatch,349,30
841,iPhone,699,31
842,iPad,499,32
843,iMac,1299,33
844,MacBook,1299,34
845,AppleWatch,349,35
846,MacPro,5999,35
847,iPad,499,35
848,iMac,1299,36
849,MacBook,1299,37
850,AppleWatch,349,38
851,iPhone,699,39
852,iPad,499,40
853,iMac,1299,41
854,MacBook,1299,42
855,AppleWatch,349,43
856,MacPro,5999,44
857,iPad,499,45
858,iMac,1299,46
859,MacBook,1299,47
860,AppleWatch,349,48
861,iPhone,699,49
862,iPad,499,50
863,iMac,1299,51
864,MacBook,1299,52
865,AppleWatch,349,53
866,MacPro,5999,54
867,iPad,499,55
868,iMac,1299,56
869,MacBook,1299,57
870,AppleWatch,349,58
871,iPhone,699,59
872,iPad,499,60
873,iMac,1299,61
874,MacBook,1299,62
875,AppleWatch,349,63
876,MacPro,5999,64
877,iPad,499,65
878,iMac,1299,66
879,MacBook,1299,67
880,AppleWatch,349,68
881,iPhone,699,69
882,iPad,499,70
883,iMac,1299,71
884,MacBook,1299,72
885,AppleWatch,349,73
886,MacPro,5999,74
887,iPad,499,75
888,iMac,1299,76
889,MacBook,1299,77
890,AppleWatch,349,78
891,iPhone,699,79
892,iPad,499,80
893,iMac,1299,81
894,MacBook,1299,82
895,AppleWatch,349,83
896,MacPro,5999,84
897,iPad,499,85
898,iMac,1299,86
899,MacBook,1299,87
900,AppleWatch,349,88
901,iPhone,699,89
902,iPad,499,90
903,iMac,1299,91
904,MacBook,1299,92
905,AppleWatch,349,93
906,MacPro,5999,94
907,iPad,499,95
908,iMac,1299,96
909,MacBook,1299,97
910,AppleWatch,349,98
911,iPhone,699,99
912,iPad,499,100
913,iMac,1299,101
914,MacBook,1299,102
915,AppleWatch,349,103
916,MacPro,5999,104
917,iPad,499,105
918,iMac,1299,106
919,MacBook,1299,107
920,AppleWatch,349,108
921,iPhone,699,109
922,iPad,499,110
923,iMac,1299,111
924,MacBook,1299,112
925,AppleWatch,349,113
926,MacPro,5999,114
927,iPad,499,115
928,iMac,1299,116
929,MacBook,1299,117
930,AppleWatch,349,118
931,iPhone,699,119
932,iPad,499,120
933,iMac,1299,121
934,MacBook,1299,122
935,AppleWatch,349,123
936,MacPro,5999,124
937,iPad,499,125
938,iMac,1299,126
939,MacBook,1299,127
940,AppleWatch,349,128
941,iPhone,699,129
942,iPad,499,130
943,iMac,1299,131
944,MacBook,1299,132
945,AppleWatch,349,133
946,MacPro,5999,134
947,iPad,499,135
948,iMac,1299,136
949,MacBook,1299,137
950,AppleWatch,349,138
951,iPhone,699,139
952,iPad,499,140
953,iMac,1299,141
954,MacBook,1299,142
955,AppleWatch,349,143
956,MacPro,5999,144
957,iPad,499,145
958,iMac,1299,146
959,MacBook,1299,147
960,AppleWatch,349,148
961,iPhone,699,149
962,iPad,499,150
963,iMac,1299,151
964,MacBook,1299,152
965,AppleWatch,349,153
966,MacPro,5999,154
967,iPad,499,155
968,iMac,1299,156
969,MacBook,1299,157
970,AppleWatch,349,158
971,iPhone,699,159
972,iPad,499,160
973,iMac,1299,161
974,MacBook,1299,162
975,AppleWatch,349,163
976,MacPro,5999,164
977,iPad,499,165
978,iMac,1299,166
979,MacBook,1299,167
980,AppleWatch,349,168
981,iPhone,699,169
982,iPad,499,170
983,iMac,1299,171
984,MacBook,1299,172
985,AppleWatch,349,173
986,MacPro,5999,174
987,iPad,499,175
988,iMac,1299,176
989,MacBook,1299,177
990,AppleWatch,349,178
991,iPhone,699,179
992,iPad,499,180
993,iMac,1299,181
994,MacBook,1299,182
995,AppleWatch,349,183
996,MacPro,5999,184
997,iPad,499,185
998,iMac,1299,186
999,MacBook,1299,187
1000,AppleWatch,349,188
1001,iPhone,699,1
1002,iPad,499,1
1003,iMac,1299,1
1004,MacBook,1299,2
1005,AppleWatch,349,2
1006,MacPro,5999,3
1007,iPad,499,3
1008,iMac,1299,4
1009,MacBook,1299,5
1010,AppleWatch,349,6
1011,iPhone,699,7
1012,iPad,499,8
1013,iMac,1299,9
1014,MacBook,1299,10
1015,AppleWatch,349,11
1016,MacPro,5999,12
1017,iPad,499,13
1018,iMac,1299,14
1019,MacBook,1299,15
1020,AppleWatch,349,16
1021,iPhone,699,17
1022,iPad,499,18
1023,iMac,1299,19
1024,MacBook,1299,20
1025,AppleWatch,349,21
1026,MacPro,5999,21
1027,iPad,499,21
1028,iMac,1299,22
1029,MacBook,1299,23
1030,AppleWatch,349,24
1031,iPhone,699,25
1032,iPad,499,26
1033,iMac,1299,27
1034,MacBook,1299,28
1035,AppleWatch,349,29
1036,MacPro,5999,29
1037,iPad,499,29
1038,iMac,1299,30
1039,MacBook,1299,30
1040,AppleWatch,349,30
1041,iPhone,699,31
1042,iPad,499,32
1043,iMac,1299,33
1044,MacBook,1299,34
1045,AppleWatch,349,35
1046,MacPro,5999,35
1047,iPad,499,35
1048,iMac,1299,36
1049,MacBook,1299,37
1050,AppleWatch,349,38
1051,iPhone,699,39
1052,iPad,499,40
1053,iMac,1299,41
1054,MacBook,1299,42
1055,AppleWatch,349,43
1056,MacPro,5999,44
1057,iPad,499,45
1058,iMac,1299,46
1059,MacBook,1299,47
1060,AppleWatch,349,48
1061,iPhone,699,49
1062,iPad,499,50
1063,iMac,1299,51
1064,MacBook,1299,52
1065,AppleWatch,349,53
1066,MacPro,5999,54
1067,iPad,499,55
1068,iMac,1299,56
1069,MacBook,1299,57
1070,AppleWatch,349,58
1071,iPhone,699,59
1072,iPad,499,60
1073,iMac,1299,61
1074,MacBook,1299,62
1075,AppleWatch,349,63
1076,MacPro,5999,64
1077,iPad,499,65
1078,iMac,1299,66
1079,MacBook,1299,67
1080,AppleWatch,349,68
1081,iPhone,699,69
1082,iPad,499,70
1083,iMac,1299,71
1084,MacBook,1299,72
1085,AppleWatch,349,73
1086,MacPro,5999,74
1087,iPad,499,75
1088,iMac,1299,76
1089,MacBook,1299,77
1090,AppleWatch,349,78
1091,iPhone,699,79
1092,iPad,499,80
1093,iMac,1299,81
1094,MacBook,1299,82
1095,AppleWatch,349,83
1096,MacPro,5999,84
1097,iPad,499,85
1098,iMac,1299,86
1099,MacBook,1299,87
1100,AppleWatch,349,88
1101,iPhone,699,89
1102,iPad,499,90
1103,iMac,1299,91
1104,MacBook,1299,92
1105,AppleWatch,349,93
1106,MacPro,5999,94
1107,iPad,499,95
1108,iMac,1299,96
1109,MacBook,1299,97
1110,AppleWatch,349,98
1111,iPhone,699,99
1112,iPad,499,100
1113,iMac,1299,101
1114,MacBook,1299,102
1115,AppleWatch,349,103
1116,MacPro,5999,104
1117,iPad,499,105
1118,iMac,1299,106
1119,MacBook,1299,107
1120,AppleWatch,349,108
1121,iPhone,699,109
1122,iPad,499,110
1123,iMac,1299,111
1124,MacBook,1299,112
1125,AppleWatch,349,113
1126,MacPro,5999,114
1127,iPad,499,115
1128,iMac,1299,116
1129,MacBook,1299,117
1130,AppleWatch,349,118
1131,iPhone,699,119
1132,iPad,499,120
1133,iMac,1299,121
1134,MacBook,1299,122
1135,AppleWatch,349,123
1136,MacPro,5999,124
1137,iPad,499,125
1138,iMac,1299,126
1139,MacBook,1299,127
1140,AppleWatch,349,128
1141,iPhone,699,129
1142,iPad,499,130
1143,iMac,1299,131
1144,MacBook,1299,132
1145,AppleWatch,349,133
1146,MacPro,5999,134
1147,iPad,499,135
1148,iMac,1299,136
1149,MacBook,1299,137
1150,AppleWatch,349,138
1151,iPhone,699,139
1152,iPad,499,140
1153,iMac,1299,141
1154,MacBook,1299,142
1155,AppleWatch,349,143
1156,MacPro,5999,144
1157,iPad,499,145
1158,iMac,1299,146
1159,MacBook,1299,147
1160,AppleWatch,349,148
1161,iPhone,699,149
1162,iPad,499,150
1163,iMac,1299,151
1164,MacBook,1299,152
1165,AppleWatch,349,153
1166,MacPro,5999,154
1167,iPad,499,155
1168,iMac,1299,156
1169,MacBook,1299,157
1170,AppleWatch,349,158
1171,iPhone,699,159
1172,iPad,499,160
1173,iMac,1299,161
1174,MacBook,1299,162
1175,AppleWatch,349,163
1176,MacPro,5999,164
1177,iPad,499,165
1178,iMac,1299,166
1179,MacBook,1299,167
1180,AppleWatch,349,168
1181,iPhone,699,169
1182,iPad,499,170
1183,iMac,1299,171
1184,MacBook,1299,172
1185,AppleWatch,349,173
1186,MacPro,5999,174
1187,iPad,499,175
1188,iMac,1299,176
1189,MacBook,1299,177
1190,AppleWatch,349,178
1191,iPhone,699,179
1192,iPad,499,180
1193,iMac,1299,181
1194,MacBook,1299,182
1195,AppleWatch,349,183
1196,MacPro,5999,184
1197,iPad,499,185
1198,iMac,1299,186
1199,MacBook,1299,187
1200,AppleWatch,349,188
1201,iPhone,699,1
1202,iPad,499,1
1203,iMac,1299,1
1204,MacBook,1299,2
1205,AppleWatch,349,2
1206,MacPro,5999,3
1207,iPad,499,3
1208,iMac,1299,4
1209,MacBook,1299,5
1210,AppleWatch,349,6
1211,iPhone,699,7
1212,iPad,499,8
1213,iMac,1299,9
1214,MacBook,1299,10
1215,AppleWatch,349,11
1216,MacPro,5999,12
1217,iPad,499,13
1218,iMac,1299,14
1219,MacBook,1299,15
1220,AppleWatch,349,16
1221,iPhone,699,17
1222,iPad,499,18
1223,iMac,1299,19
1224,MacBook,1299,20
1225,AppleWatch,349,21
1226,MacPro,5999,21
1227,iPad,499,21
1228,iMac,1299,22
1229,MacBook,1299,23
1230,AppleWatch,349,24
1231,iPhone,699,25
1232,iPad,499,26
1233,iMac,1299,27
1234,MacBook,1299,28
1235,AppleWatch,349,29
1236,MacPro,5999,29
1237,iPad,499,29
1238,iMac,1299,30
1239,MacBook,1299,30
1240,AppleWatch,349,30
1241,iPhone,699,31
1242,iPad,499,32
1243,iMac,1299,33
1244,MacBook,1299,34
1245,AppleWatch,349,35
1246,MacPro,5999,35
1247,iPad,499,35
1248,iMac,1299,36
1249,MacBook,1299,37
1250,AppleWatch,349,38
1251,iPhone,699,39
1252,iPad,499,40
1253,iMac,1299,41
1254,MacBook,1299,42
1255,AppleWatch,349,43
1256,MacPro,5999,44
1257,iPad,499,45
1258,iMac,1299,46
1259,MacBook,1299,47
1260,AppleWatch,349,48
1261,iPhone,699,49
1262,iPad,499,50
1263,iMac,1299,51
1264,MacBook,1299,52
1265,AppleWatch,349,53
1266,MacPro,5999,54
1267,iPad,499,55
1268,iMac,1299,56
1269,MacBook,1299,57
1270,AppleWatch,349,58
1271,iPhone,699,59
1272,iPad,499,60
1273,iMac,1299,61
1274,MacBook,1299,62
1275,AppleWatch,349,63
1276,MacPro,5999,64
1277,iPad,499,65
1278,iMac,1299,66
1279,MacBook,1299,67
1280,AppleWatch,349,68
1281,iPhone,699,69
1282,iPad,499,70
1283,iMac,1299,71
1284,MacBook,1299,72
1285,AppleWatch,349,73
1286,MacPro,5999,74
1287,iPad,499,75
1288,iMac,1299,76
1289,MacBook,1299,77
1290,AppleWatch,349,78
1291,iPhone,699,79
1292,iPad,499,80
1293,iMac,1299,81
1294,MacBook,1299,82
1295,AppleWatch,349,83
1296,MacPro,5999,84
1297,iPad,499,85
1298,iMac,1299,86
1299,MacBook,1299,87
1300,AppleWatch,349,88
1301,iPhone,699,89
1302,iPad,499,90
1303,iMac,1299,91
1304,MacBook,1299,92
1305,AppleWatch,349,93
1306,MacPro,5999,94
1307,iPad,499,95
1308,iMac,1299,96
1309,MacBook,1299,97
1310,AppleWatch,349,98
1311,iPhone,699,99
1312,iPad,499,100
1313,iMac,1299,101
1314,MacBook,1299,102
1315,AppleWatch,349,103
1316,MacPro,5999,104
1317,iPad,499,105
1318,iMac,1299,106
1319,MacBook,1299,107
1320,AppleWatch,349,108
1321,iPhone,699,109
1322,iPad,499,110
1323,iMac,1299,111
1324,MacBook,1299,112
1325,AppleWatch,349,113
1326,MacPro,5999,114
1327,iPad,499,115
1328,iMac,1299,116
1329,MacBook,1299,117
1330,AppleWatch,349,118
1331,iPhone,699,119
1332,iPad,499,120
1333,iMac,1299,121
1334,MacBook,1299,122
1335,AppleWatch,349,123
1336,MacPro,5999,124
1337,iPad,499,125
1338,iMac,1299,126
1339,MacBook,1299,127
1340,AppleWatch,349,128
1341,iPhone,699,129
1342,iPad,499,130
1343,iMac,1299,131
1344,MacBook,1299,132
1345,AppleWatch,349,133
1346,MacPro,5999,134
1347,iPad,499,135
1348,iMac,1299,136
1349,MacBook,1299,137
1350,AppleWatch,349,138
1351,iPhone,699,139
1352,iPad,499,140
1353,iMac,1299,141
1354,MacBook,1299,142
1355,AppleWatch,349,143
1356,MacPro,5999,144
1357,iPad,499,145
1358,iMac,1299,146
1359,MacBook,1299,147
1360,AppleWatch,349,148
1361,iPhone,699,149
1362,iPad,499,150
1363,iMac,1299,151
1364,MacBook,1299,152
1365,AppleWatch,349,153
1366,MacPro,5999,154
1367,iPad,499,155
1368,iMac,1299,156
1369,MacBook,1299,157
1370,AppleWatch,349,158
1371,iPhone,699,159
1372,iPad,499,160
1373,iMac,1299,161
1374,MacBook,1299,162
1375,AppleWatch,349,163
1376,MacPro,5999,164
1377,iPad,499,165
1378,iMac,1299,166
1379,MacBook,1299,167
1380,AppleWatch,349,168
1381,iPhone,699,169
1382,iPad,499,170
1383,iMac,1299,171
1384,MacBook,1299,172
1385,AppleWatch,349,173
1386,MacPro,5999,174
1387,iPad,499,175
1388,iMac,1299,176
1389,MacBook,1299,177
1390,AppleWatch,349,178
1391,iPhone,699,179
1392,iPad,499,180
1393,iMac,1299,181
1394,MacBook,1299,182
1395,AppleWatch,349,183
1396,MacPro,5999,184
1397,iPad,499,185
1398,iMac,1299,186
1399,MacBook,1299,187
1400,AppleWatch,349,188
1401,iPhone,699,1
1402,iPad,499,1
1403,iMac,1299,1
1404,MacBook,1299,2
1405,AppleWatch,349,2
1406,MacPro,5999,3
1407,iPad,499,3
1408,iMac,1299,4
1409,MacBook,1299,5
1410,AppleWatch,349,6
1411,iPhone,699,7
1412,iPad,499,8
1413,iMac,1299,9
1414,MacBook,1299,10
1415,AppleWatch,349,11
1416,MacPro,5999,12
1417,iPad,499,13
1418,iMac,1299,14
1419,MacBook,1299,15
1420,AppleWatch,349,16
1421,iPhone,699,17
1422,iPad,499,18
1423,iMac,1299,19
1424,MacBook,1299,20
1425,AppleWatch,349,21
1426,MacPro,5999,21
1427,iPad,499,21
1428,iMac,1299,22
1429,MacBook,1299,23
1430,AppleWatch,349,24
1431,iPhone,699,25
1432,iPad,499,26
1433,iMac,1299,27
1434,MacBook,1299,28
1435,AppleWatch,349,29
1436,MacPro,5999,29
1437,iPad,499,29
1438,iMac,1299,30
1439,MacBook,1299,30
1440,AppleWatch,349,30
1441,iPhone,699,31
1442,iPad,499,32
1443,iMac,1299,33
1444,MacBook,1299,34
1445,AppleWatch,349,35
1446,MacPro,5999,35
1447,iPad,499,35
1448,iMac,1299,36
1449,MacBook,1299,37
1450,AppleWatch,349,38
1451,iPhone,699,39
1452,iPad,499,40
1453,iMac,1299,41
1454,MacBook,1299,42
1455,AppleWatch,349,43
1456,MacPro,5999,44
1457,iPad,499,45
1458,iMac,1299,46
1459,MacBook,1299,47
1460,AppleWatch,349,48
1461,iPhone,699,49
1462,iPad,499,50
1463,iMac,1299,51
1464,MacBook,1299,52
1465,AppleWatch,349,53
1466,MacPro,5999,54
1467,iPad,499,55
1468,iMac,1299,56
1469,MacBook,1299,57
1470,AppleWatch,349,58
1471,iPhone,699,59
1472,iPad,499,60
1473,iMac,1299,61
1474,MacBook,1299,62
1475,AppleWatch,349,63
1476,MacPro,5999,64
1477,iPad,499,65
1478,iMac,1299,66
1479,MacBook,1299,67
1480,AppleWatch,349,68
1481,iPhone,699,69
1482,iPad,499,70
1483,iMac,1299,71
1484,MacBook,1299,72
1485,AppleWatch,349,73
1486,MacPro,5999,74
1487,iPad,499,75
1488,iMac,1299,76
1489,MacBook,1299,77
1490,AppleWatch,349,78
1491,iPhone,699,79
1492,iPad,499,80
1493,iMac,1299,81
1494,MacBook,1299,82
1495,AppleWatch,349,83
1496,MacPro,5999,84
1497,iPad,499,85
1498,iMac,1299,86
1499,MacBook,1299,87
1500,AppleWatch,349,88
1501,iPhone,699,89
1502,iPad,499,90
1503,iMac,1299,91
1504,MacBook,1299,92
1505,AppleWatch,349,93
1506,MacPro,5999,94
1507,iPad,499,95
1508,iMac,1299,96
1509,MacBook,1299,97
1510,AppleWatch,349,98
1511,iPhone,699,99
1512,iPad,499,100
1513,iMac,1299,101
1514,MacBook,1299,102
1515,AppleWatch,349,103
1516,MacPro,5999,104
1517,iPad,499,105
1518,iMac,1299,106
1519,MacBook,1299,107
1520,AppleWatch,349,108
1521,iPhone,699,109
1522,iPad,499,110
1523,iMac,1299,111
1524,MacBook,1299,112
1525,AppleWatch,349,113
1526,MacPro,5999,114
1527,iPad,499,115
1528,iMac,1299,116
1529,MacBook,1299,117
1530,AppleWatch,349,118
1531,iPhone,699,119
1532,iPad,499,120
1533,iMac,1299,121
1534,MacBook,1299,122
1535,AppleWatch,349,123
1536,MacPro,5999,124
1537,iPad,499,125
1538,iMac,1299,126
1539,MacBook,1299,127
1540,AppleWatch,349,128
1541,iPhone,699,129
1542,iPad,499,130
1543,iMac,1299,131
1544,MacBook,1299,132
1545,AppleWatch,349,133
1546,MacPro,5999,134
1547,iPad,499,135
1548,iMac,1299,136
1549,MacBook,1299,137
1550,AppleWatch,349,138
1551,iPhone,699,139
1552,iPad,499,140
1553,iMac,1299,141
1554,MacBook,1299,142
1555,AppleWatch,349,143
1556,MacPro,5999,144
1557,iPad,499,145
1558,iMac,1299,146
1559,MacBook,1299,147
1560,AppleWatch,349,148
1561,iPhone,699,149
1562,iPad,499,150
1563,iMac,1299,151
1564,MacBook,1299,152
1565,AppleWatch,349,153
1566,MacPro,5999,154
1567,iPad,499,155
1568,iMac,1299,156
1569,MacBook,1299,157
1570,AppleWatch,349,158
1571,iPhone,699,159
1572,iPad,499,160
1573,iMac,1299,161
1574,MacBook,1299,162
1575,AppleWatch,349,163
1576,MacPro,5999,164
1577,iPad,499,165
1578,iMac,1299,166
1579,MacBook,1299,167
1580,AppleWatch,349,168
1581,iPhone,699,169
1582,iPad,499,170
1583,iMac,1299,171
1584,MacBook,1299,172
1585,AppleWatch,349,173
1586,MacPro,5999,174
1587,iPad,499,175
1588,iMac,1299,176
1589,MacBook,1299,177
1590,AppleWatch,349,178
1591,iPhone,699,179
1592,iPad,499,180
1593,iMac,1299,181
1594,MacBook,1299,182
1595,AppleWatch,349,183
1596,MacPro,5999,184
1597,iPad,499,185
1598,iMac,1299,186
1599,MacBook,1299,187
1600,AppleWatch,349,188
1601,iPhone,699,1
1602,iPad,499,1
1603,iMac,1299,1
1604,MacBook,1299,2
1605,AppleWatch,349,2
1606,MacPro,5999,3
1607,iPad,499,3
1608,iMac,1299,4
1609,MacBook,1299,5
1610,AppleWatch,349,6
1611,iPhone,699,7
1612,iPad,499,8
1613,iMac,1299,9
1614,MacBook,1299,10
1615,AppleWatch,349,11
1616,MacPro,5999,12
1617,iPad,499,13
1618,iMac,1299,14
1619,MacBook,1299,15
1620,AppleWatch,349,16
1621,iPhone,699,17
1622,iPad,499,18
1623,iMac,1299,19
1624,MacBook,1299,20
1625,AppleWatch,349,21
1626,MacPro,5999,21
1627,iPad,499,21
1628,iMac,1299,22
1629,MacBook,1299,23
1630,AppleWatch,349,24
1631,iPhone,699,25
1632,iPad,499,26
1633,iMac,1299,27
1634,MacBook,1299,28
1635,AppleWatch,349,29
1636,MacPro,5999,29
1637,iPad,499,29
1638,iMac,1299,30
1639,MacBook,1299,30
1640,AppleWatch,349,30
1641,iPhone,699,31
1642,iPad,499,32
1643,iMac,1299,33
1644,MacBook,1299,34
1645,AppleWatch,349,35
1646,MacPro,5999,35
1647,iPad,499,35
1648,iMac,1299,36
1649,MacBook,1299,37
1650,AppleWatch,349,38
1651,iPhone,699,39
1652,iPad,499,40
1653,iMac,1299,41
1654,MacBook,1299,42
1655,AppleWatch,349,43
1656,MacPro,5999,44
1657,iPad,499,45
1658,iMac,1299,46
1659,MacBook,1299,47
1660,AppleWatch,349,48
1661,iPhone,699,49
1662,iPad,499,50
1663,iMac,1299,51
1664,MacBook,1299,52
1665,AppleWatch,349,53
1666,MacPro,5999,54
1667,iPad,499,55
1668,iMac,1299,56
1669,MacBook,1299,57
1670,AppleWatch,349,58
1671,iPhone,699,59
1672,iPad,499,60
1673,iMac,1299,61
1674,MacBook,1299,62
1675,AppleWatch,349,63
1676,MacPro,5999,64
1677,iPad,499,65
1678,iMac,1299,66
1679,MacBook,1299,67
1680,AppleWatch,349,68
1681,iPhone,699,69
1682,iPad,499,70
1683,iMac,1299,71
1684,MacBook,1299,72
1685,AppleWatch,349,73
1686,MacPro,5999,74
1687,iPad,499,75
1688,iMac,1299,76
1689,MacBook,1299,77
1690,AppleWatch,349,78
1691,iPhone,699,79
1692,iPad,499,80
1693,iMac,1299,81
1694,MacBook,1299,82
1695,AppleWatch,349,83
1696,MacPro,5999,84
1697,iPad,499,85
1698,iMac,1299,86
1699,MacBook,1299,87
1700,AppleWatch,349,88
1701,iPhone,699,89
1702,iPad,499,90
1703,iMac,1299,91
1704,MacBook,1299,92
1705,AppleWatch,349,93
1706,MacPro,5999,94
1707,iPad,499,95
1708,iMac,1299,96
1709,MacBook,1299,97
1710,AppleWatch,349,98
1711,iPhone,699,99
1712,iPad,499,100
1713,iMac,1299,101
1714,MacBook,1299,102
1715,AppleWatch,349,103
1716,MacPro,5999,104
1717,iPad,499,105
1718,iMac,1299,106
1719,MacBook,1299,107
1720,AppleWatch,349,108
1721,iPhone,699,109
1722,iPad,499,110
1723,iMac,1299,111
1724,MacBook,1299,112
1725,AppleWatch,349,113
1726,MacPro,5999,114
1727,iPad,499,115
1728,iMac,1299,116
1729,MacBook,1299,117
1730,AppleWatch,349,118
1731,iPhone,699,119
1732,iPad,499,120
1733,iMac,1299,121
1734,MacBook,1299,122
1735,AppleWatch,349,123
1736,MacPro,5999,124
1737,iPad,499,125
1738,iMac,1299,126
1739,MacBook,1299,127
1740,AppleWatch,349,128
1741,iPhone,699,129
1742,iPad,499,130
1743,iMac,1299,131
1744,MacBook,1299,132
1745,AppleWatch,349,133
1746,MacPro,5999,134
1747,iPad,499,135
1748,iMac,1299,136
1749,MacBook,1299,137
1750,AppleWatch,349,138
1751,iPhone,699,139
1752,iPad,499,140
1753,iMac,1299,141
1754,MacBook,1299,142
1755,AppleWatch,349,143
1756,MacPro,5999,144
1757,iPad,499,145
1758,iMac,1299,146
1759,MacBook,1299,147
1760,AppleWatch,349,148
1761,iPhone,699,149
1762,iPad,499,150
1763,iMac,1299,151
1764,MacBook,1299,152
1765,AppleWatch,349,153
1766,MacPro,5999,154
1767,iPad,499,155
1768,iMac,1299,156
1769,MacBook,1299,157
1770,AppleWatch,349,158
1771,iPhone,699,159
1772,iPad,499,160
1773,iMac,1299,161
1774,MacBook,1299,162
1775,AppleWatch,349,163
1776,MacPro,5999,164
1777,iPad,499,165
1778,iMac,1299,166
1779,MacBook,1299,167
1780,AppleWatch,349,168
1781,iPhone,699,169
1782,iPad,499,170
1783,iMac,1299,171
1784,MacBook,1299,172
1785,AppleWatch,349,173
1786,MacPro,5999,174
1787,iPad,499,175
1788,iMac,1299,176
1789,MacBook,1299,177
1790,AppleWatch,349,178
1791,iPhone,699,179
1792,iPad,499,180
1793,iMac,1299,181
1794,MacBook,1299,182
1795,AppleWatch,349,183
1796,MacPro,5999,184
1797,iPad,499,185
1798,iMac,1299,186
1799,MacBook,1299,187
1800,AppleWatch,349,188